"1","2014-01-01","165.92","6610","Saldo 1.1.2014"
"2","2014-01-02","100.00","6810","FGV"
"3","2014-01-02","1000.00","5406","FGV"
"4","2014-01-15","400.00","4906","FGV"
"5","2014-01-15","150.00","6411","FGV"
"6","2014-01-15","900.00","6704","FGV"
"7","2014-01-25","83.97","5601","Saldo 1.1.2014"
"8","2014-01-25","283.37","5109","Saldo 1.1.2014"
"9","2014-01-25","-226.05","8804","Saldo 1.1.2014"
"10","2014-01-25","563.37","6705","Saldo 1.1.2014"
"11","2014-01-25","-380.86","8902","Saldo 1.1.2014"
"12","2014-01-25","890.53","5911","Saldo 1.1.2014"
"13","2014-01-25","386.15","6811","Saldo 1.1.2014"
"14","2014-01-25","-20.11","9102","Saldo 1.1.2014"
"15","2014-01-25","380.00","3101","Saldo 1.1.2014"
"16","2014-01-25","651.75","7901","Saldo 1.1.2014"
"17","2014-01-25","208.03","6311","Saldo 1.1.2014"
"18","2014-01-25","458.60","6807","Saldo 1.1.2014"
"19","2014-01-25","115.04","7501","Saldo 1.1.2014"
"20","2014-01-25","-3.04","6509","Saldo 1.1.2014"
"21","2014-01-25","1433.67","3705","Saldo 1.1.2014"
"22","2014-01-25","119.39","5508","Saldo 1.1.2014"
"23","2014-01-25","316.65","3906","Saldo 1.1.2014"
"24","2014-01-25","-74.53","4106","Saldo 1.1.2014"
"25","2014-01-25","37.31","9402","Saldo 1.1.2014"
"26","2014-01-25","1223.15","6810","Saldo 1.1.2014"
"27","2014-01-25","16.57","5804","Saldo 1.1.2014"
"28","2014-01-25","121.05","3703","Saldo 1.1.2014"
"29","2014-01-25","-585.94","6512","Saldo 1.1.2014"
"30","2014-01-25","775.07","4906","Saldo 1.1.2014"
"31","2014-01-25","211.50","7101","Saldo 1.1.2014"
"32","2014-01-25","-33.39","7003","Saldo 1.1.2014"
"33","2014-01-25","137.81","6607","Saldo 1.1.2014"
"34","2014-01-25","232.29","5707","Saldo 1.1.2014"
"35","2014-01-25","54.32","9303","Saldo 1.1.2014"
"36","2014-01-25","258.84","7801","Saldo 1.1.2014"
"37","2014-01-25","1810.79","6908","Saldo 1.1.2014"
"38","2014-01-25","1070.93","7406","Saldo 1.1.2014"
"39","2014-01-25","17.79","3503","Saldo 1.1.2014"
"40","2014-01-25","14.01","8101","Saldo 1.1.2014"
"41","2014-01-25","313.58","6809","Saldo 1.1.2014"
"42","2014-01-25","0.00","7402","Saldo 1.1.2014"
"43","2014-01-25","31.63","6704","Saldo 1.1.2014"
"44","2014-01-25","116.73","5313","Saldo 1.1.2014"
"45","2014-01-25","547.18","9501","Saldo 1.1.2014"
"46","2014-01-25","126.15","5910","Saldo 1.1.2014"
"47","2014-01-25","56.31","5304","Saldo 1.1.2014"
"48","2014-01-25","207.07","5501","Saldo 1.1.2014"
"49","2014-01-25","-18.56","4901","Saldo 1.1.2014"
"50","2014-01-25","-221.49","9801","Saldo 1.1.2014"
"51","2014-01-25","53.25","2401","Saldo 1.1.2014"
"52","2014-01-25","-163.02","5406","Saldo 1.1.2014"
"53","2014-01-25","248.05","8901","Saldo 1.1.2014"
"54","2014-01-25","520.80","7902","Saldo 1.1.2014"
"55","2014-01-25","-52.39","7304","Saldo 1.1.2014"
"56","2014-01-25","27.88","6203","Saldo 1.1.2014"
"57","2014-01-25","478.29","6411","Saldo 1.1.2014"
"58","2014-01-25","223.21","5007","Saldo 1.1.2014"
"59","2014-01-25","155.83","6902","Saldo 1.1.2014"
"60","2014-01-25","100.45","4806","Saldo 1.1.2014"
"61","2014-01-25","367.57","8203","Saldo 1.1.2014"
"62","2014-01-25","435.98","4607","Saldo 1.1.2014"
"63","2014-01-25","241.97","4007","Saldo 1.1.2014"
"64","2014-01-25","97.70","5108","Saldo 1.1.2014"
"65","2014-01-25","-18.11","2903","Saldo 1.1.2014"
"66","2014-01-25","-126.94","0","Saldo 1.1.2014"
"67","2014-01-25","397.73","6806","Saldo 1.1.2014"
"68","2014-01-25","-668.76","5203","Saldo 1.1.2014"
"69","2014-01-25","320.03","3501","Saldo 1.1.2014"
"70","2014-01-25","245.19","6405","Saldo 1.1.2014"
"71","2014-01-25","-154.61","5113","Saldo 1.1.2014"
"72","2014-01-25","832.54","5202","Saldo 1.1.2014"
"73","2014-01-25","510.33","5401","Saldo 1.1.2014"
"74","2014-01-25","12.32","5101","Saldo 1.1.2014"
"75","2014-01-25","141.92","9002","Saldo 1.1.2014"
"76","2014-01-25","148.31","3201","Saldo 1.1.2014"
"77","2014-01-25","36.17","8002","Saldo 1.1.2014"
"78","2014-01-25","376.56","4002","Saldo 1.1.2014"
"79","2014-01-25","574.60","6701","Saldo 1.1.2014"
"80","2014-01-25","-83.94","4904","Saldo 1.1.2014"
"81","2014-01-25","195.87","8202","Saldo 1.1.2014"
"82","2014-01-25","76.00","4812","Saldo 1.1.2014"
"83","2014-01-25","750.00","6514","Saldo 1.1.2014"
"84","2014-01-25","-244.83","6307","Saldo 1.1.2014"
"85","2014-01-25","142.71","5316","Saldo 1.1.2014"
"86","2014-01-25","623.67","6304","Saldo 1.1.2014"
"87","2014-01-25","413.03","7303","Saldo 1.1.2014"
"88","2014-01-25","327.39","4203","Saldo 1.1.2014"
"89","2014-01-25","-220.82","7903","Saldo 1.1.2014"
"90","2014-01-25","49.62","7002","Saldo 1.1.2014"
"91","2014-01-25","128.17","4405","Saldo 1.1.2014"
"92","2014-01-25","162.53","6206","Saldo 1.1.2014"
"93","2014-01-25","456.21","6209","Saldo 1.1.2014"
"94","2014-01-25","-6.07","7802","Saldo 1.1.2014"
"95","2014-01-25","661.12","4302","Saldo 1.1.2014"
"96","2014-01-25","58.55","6506","Saldo 1.1.2014"
"97","2014-01-25","387.38","6005","Saldo 1.1.2014"
"98","2014-01-25","141.29","7006","Saldo 1.1.2014"
"99","2014-01-25","132.80","4705","Saldo 1.1.2014"
"100","2014-01-25","-494.02","5709","Saldo 1.1.2014"
"101","2014-01-25","-39.94","6205","Saldo 1.1.2014"
"102","2014-01-25","-71.62","4205","Saldo 1.1.2014"
"103","2014-01-25","-73.54","8401","Saldo 1.1.2014"
"104","2014-01-25","227.51","5302","Saldo 1.1.2014"
"105","2014-01-25","41.23","2503","Saldo 1.1.2014"
"106","2014-01-25","-395.12","4811","Saldo 1.1.2014"
"107","2014-01-25","356.47","5713","Saldo 1.1.2014"
"108","2014-01-25","141.64","4801","Saldo 1.1.2014"
"109","2014-01-25","1302.73","7701","Saldo 1.1.2014"
"110","2014-01-25","0.00","5110","Saldo 1.1.2014"
"111","2014-01-25","-48.86","4708","Saldo 1.1.2014"
"112","2014-01-25","74.51","2101","Saldo 1.1.2014"
"113","2014-01-25","-357.74","6004","Saldo 1.1.2014"
"114","2014-01-25","1620.18","5315","Saldo 1.1.2014"
"115","2014-01-25","519.58","9403","Saldo 1.1.2014"
"116","2014-01-25","382.43","7503","Saldo 1.1.2014"
"117","2014-01-25","894.14","6003","Saldo 1.1.2014"
"118","2014-01-25","-298.59","5102","Saldo 1.1.2014"
"119","2014-01-25","359.21","7206","Saldo 1.1.2014"
"120","2014-01-25","206.33","9001","Saldo 1.1.2014"
"121","2014-01-25","163.50","3504","Saldo 1.1.2014"
"122","2014-01-25","65.74","5712","Saldo 1.1.2014"
"123","2014-01-25","187.58","9101","Saldo 1.1.2014"
"124","2014-01-25","121.78","4102","Saldo 1.1.2014"
"125","2014-01-25","616.57","6910","Saldo 1.1.2014"
"126","2014-01-25","226.83","6105","Saldo 1.1.2014"
"127","2014-01-25","-298.37","9004","Saldo 1.1.2014"
"128","2014-01-25","435.79","3602","Saldo 1.1.2014"
"129","2014-01-25","448.23","6904","Saldo 1.1.2014"
"130","2014-01-25","541.80","8104","Saldo 1.1.2014"
"131","2014-01-27","-50.23","9605","Saldo 1.1.2014"
"132","2014-01-27","55.41","9709","Saldo 1.1.2014"
"133","2014-01-27","19.66","9604","Saldo 1.1.2014"
"134","2014-01-27","114.37","9602","Saldo 1.1.2014"
"135","2014-01-27","64.63","9603","Saldo 1.1.2014"
"136","2014-01-27","163.00","9939","Saldo 1.1.2014"
"137","2014-01-30","6.99","4705","Post"
"138","2014-01-30","57.99","5108","diverse"
"139","2014-01-30","70.90","3602","Stiebel eltron"
"140","2014-01-30","4.77","6610","PVC Kantenprofil"
"141","2014-01-30","450.00","6610","fgv aus Oktober 2013"
"142","2014-01-30","100.00","7801","fgv Jan 2014"
"143","2014-01-30","250.00","6809","fgv Jan 2014"
"144","2014-01-30","410.00","6610","fgv Jan 2014"
"145","2014-02-15","-67.71","5709","D-KLWG 30.10.13 14:22 - 15:22"
"146","2014-02-15","67.71","5707","Gutschrift für Fehlbuchung  10/2013"
"147","2014-02-15","74.51","5108","Erstattung aus Sept.w/Sen.-mg."
"148","2014-02-17","250.00","6005","Arbeitsstunden 2013"
"149","2014-02-17","100.00","6810","fgv"
"150","2014-02-17","-50.00","7006","fgv Teilstorno"
"151","2014-02-17","100.00","7006","fgv"
"152","2014-02-17","700.00","5910","fgv"
"153","2014-02-17","100.00","7801","fgv"
"154","2014-02-17","150.00","6411","fgv"
"155","2014-02-17","1000.00","5102","fgv"
"156","2014-02-17","400.00","4708","fgv"
"157","2014-02-17","300.00","7304","fgv"
"158","2014-02-17","75.00","4705","Umbuchung von 4812"
"159","2014-02-17","-76.00","4812","Umbuchung auf  4705"
"160","2014-02-28","500.00","5709","fgv"
"161","2014-02-28","94.11","4205","fgv"
"162","2014-02-28","74.53","4106","fgv"
"163","2014-02-28","1000.00","8902","fgv"
"164","2014-02-28","1000.00","4811","fgv"
"165","2014-02-28","200.00","5113","fgv"
"166","2014-02-28","360.00","6004","fgv"
"167","2014-02-28","650.00","5712","fgv"
"168","2014-02-28","50.00","6307","Korrektur w/Arbeitsstunden"
"169","2014-02-28","250.00","6307","fgv"
"170","2014-02-28","500.00","4002","fgv "
"171","2014-03-09","195.87","4904","Umbuchung L. Gier"
"172","2014-03-12","550.00","9001","fgv"
"173","2014-03-12","500.00","6811","fgv"
"174","2014-03-12","100.00","6810","fgv"
"175","2014-03-12","200.00","6809","fgv"
"176","2014-03-12","220.00","6704","FGV (C.Koch)"
"177","2014-03-12","510.00","6610","fgv"
"178","2014-03-12","650.00","6307","fgv"
"179","2014-03-12","500.00","6910","fgv"
"180","2014-03-12","700.00","7002","fgv"
"181","2014-03-12","700.00","7503","fgv"
"182","2014-03-12","220.00","7903","fgv"
"183","2014-03-12","-220.00","7903","fgv Fehlbuchung"
"184","2014-03-12","650.00","7903","fgv"
"185","2014-03-12","700.00","7204","fgv"
"186","2014-03-12","80.00","8401","fgv"
"187","2014-03-12","50.00","7006","fgv"
"188","2014-03-12","800.00","7003","fgv"
"189","2014-03-12","300.00","6005","fgv"
"190","2014-03-12","700.00","5108","fgv"
"191","2014-03-12","200.00","9102","fgv"
"192","2014-03-12","21.24","4205","fgv"
"193","2014-03-12","1500.00","5203","fgv"
"194","2014-03-12","700.00","5313","fgv"
"195","2014-03-12","1000.00","4705","fgv"
"196","2014-03-12","400.00","4302","fgv aus August 2013"
"197","2014-03-27","350.00","4708","fgv"
"198","2014-03-27","700.00","4205","fgv aus August 2013"
"199","2014-03-27","350.00","7006","fgv aus August 2013"
"200","2014-03-27","400.00","7206","fgv"
"201","2014-03-27","250.00","7801","fgv"
"202","2014-03-27","600.00","4904","fgv"
"203","2014-03-27","700.00","5316","fgv"
"204","2014-03-27","401.00","3906","fgv"
"205","2014-03-27","350.00","9605","fgv"
"206","2014-03-27","500.00","6105","fgv"
"207","2014-03-27","700.00","5304","fgv"
"208","2014-03-27","150.00","6411","fgv"
"209","2014-03-27","1300.00","6512","fgv"
"210","2014-03-27","50.00","9605","fgv"
"211","2014-03-27","500.00","6807","fgv"
"212","2014-03-28","700.00","6004","fgv"
"213","2014-03-28","700.00","5709","fgv"
"214","2014-03-28","700.00","5101","fgv"
"215","2014-03-31","-54.32","9303","Auszahlung Fluggeldkonto"
"216","2014-03-31","-107.00","8401","Hallenmiete D-MAXT Jan-März 2014"
"217","2014-03-31","9.19","7206","UB Sommer GmbH"
"218","2014-03-31","5.49","7206","UB Globus"
"219","2014-03-31","10.49","4705","UB Post"
"220","2014-03-31","24.65","9002","UB Post"
"221","2014-03-31","105.45","6003","UB Siebert"
"222","2014-03-31","159.00","5712","UB Wertstoffhof Linden"
"223","2014-03-31","3.30","7206","UB Globus"
"224","2014-04-11","-195.87","8202","Umbuchung L. Gier"
"225","2014-04-11","1500.00","6904","fgv"
"226","2014-04-11","800.00","5302","fgv aus August 2013"
"227","2014-04-30","350.00","9402","fgv"
"228","2014-04-30","300.00","9603","fgv"
"229","2014-04-30","600.00","3201","fgv"
"230","2014-04-30","50.00","7006","fgv"
"231","2014-04-30","100.00","4708","fgv"
"232","2014-04-30","500.00","4203","fgv"
"233","2014-04-30","100.00","6810","fgv"
"234","2014-04-30","350.00","8203","fgv"
"235","2014-04-30","43.99","4705","UB Saturn"
"236","2014-04-30","11.00","2401","UB "
"237","2014-04-30","54.45","6704","Benzin 50 Ltr."
"238","2014-04-30","2.50","5313","Gutschrift Flug EJ"
"239","2014-04-30","600.00","4002","fgv"
"240","2014-04-30","300.00","3602","fgv"
"241","2014-04-30","760.00","6411","fgv"
"242","2014-04-30","200.00","9102","FGV"
"243","2014-04-30","159.00","5712","UB Wertstoffhof"
"244","2014-04-30","50.81","3201","UB Gutschrift w/EO"
"245","2014-04-30","-50.81","8103","UB W/EO"
"246","2014-04-30","190.00","7902","FGV"
"247","2014-04-30","300.00","7206","fgv"
"248","2014-04-30","500.00","6704","fgv"
"249","2014-04-30","100.00","7801","fgv"
"250","2014-04-30","150.00","6411","fgv"
"251","2014-05-09","447.98","5313","Gutschrift MH 30.4.2014"
"252","2014-05-09","-56.10","6610","Belastung LUM 30.4.2014"
"253","2014-05-09","454.56","5313","Gutschrift MH 30.4.2014"
"254","2014-05-09","-18.56","5313","Belastung MH 30.4.2014"
"255","2014-05-09","52.48","6610","Gutschrift EO 30.4.14"
"256","2014-05-09","-3.48","5313","Belastung MH 30.4.2014"
"257","2014-05-09","-4.64","5313","Belastung MH 30.4.2014"
"258","2014-05-09","451.14","5313","Gutschrift MH 30.4.2014"
"259","2014-05-09","553.10","6610","Gutschrift LUM 30.4.2014"
"260","2014-05-12","-760.00","6411","Storno w/Falschbuchung"
"261","2014-05-12","760.00","8401","fgv schon aus April 2014"
"262","2014-05-27","100.00","4708","fgv"
"263","2014-05-27","650.00","4405","fgv"
"264","2014-05-27","100.00","6810","fgv"
"265","2014-05-27","1000.00","8804","fgv"
"266","2014-05-27","50.00","7006","fgv"
"267","2014-05-27","200.00","5910","fgv"
"268","2014-05-27","750.00","7407","fgv"
"269","2014-05-27","550.00","6405","fgv"
"270","2014-05-27","500.00","5113","fgv "
"271","2014-05-27","458.91","9801","fgv"
"272","2014-05-27","800.00","7304","fgv"
"273","2014-05-27","200.00","9604","fgv"
"274","2014-05-27","500.00","6910","fgv"
"275","2014-05-27","250.00","2903","fgv"
"276","2014-05-27","100.00","7801","fgv"
"277","2014-05-27","550.00","6610","fgv"
"278","2014-05-27","200.00","8104","fgv"
"279","2014-05-27","1000.00","9101","fgv"
"280","2014-05-27","1000.00","8902","fgv"
"281","2014-05-27","150.00","6411","fgv"
"282","2014-05-28","750.00","6208","fgv"
"283","2014-05-28","-67.75","5508","Auszahlung Fluggeld w/Austritt"
"284","2014-05-31","-121.68","5203","Flug PIA 31. Mai "
"285","2014-05-31","-150.90","5406","Flug PIA 31. Mai"
"286","2014-05-31","126.00","4203","Gutschrift Gastflug 4. Mai"
"287","2014-05-31","-5.83","7204","Buchungen auf Edi Prinz"
"288","2014-05-31","50.54","6809","Tkn Leer"
"289","2014-05-31","5.83","4702","Fehlbuchung Frank Prinz"
"290","2014-05-31","400.00","6704","fgv"
"291","2014-05-31","81.64","5315","Tkn Leer"
"292","2014-05-31","479.33","4002","Korrektur aus April"
"293","2014-06-20","700.00","4901","fgv"
"294","2014-06-20","100.00","6810","fgv"
"295","2014-06-20","200.00","5713","fgv"
"296","2014-06-20","100.00","4708","fgv"
"297","2014-06-20","50.00","7006","fgv"
"298","2014-06-20","500.00","7503","fgv"
"299","2014-06-20","400.00","5406","fgv"
"300","2014-06-20","400.00","5406","fgv"
"301","2014-06-20","502.00","3906","fgv"
"302","2014-06-20","100.00","7801","fgv"
"303","2014-06-20","150.00","6411","fgv"
"304","2014-06-20","650.00","6811","fgv"
"305","2014-06-24","34.99","5302","Gas Total"
"306","2014-06-24","19.44","5113","Benzin Coburg"
"307","2014-06-24","216.03","5108","Benzin diverse"
"308","2014-06-24","39.53","5406","Benzin Hohenems"
"309","2014-06-24","33.74","5406","Benzin St. Johann"
"310","2014-06-24","384.94","8103","fgv"
"311","2014-06-24","10.49","4705","Post"
"312","2014-06-27","560.00","6610","fgv"
"313","2014-06-27","500.00","9402","fgv"
"314","2014-06-30","650.00","6006","fgv"
"315","2014-06-30","33.50","4002","Gutschrift FR Flug v. 4.5."
"316","2014-06-30","-750.00","6208","Rückerstattung w/Austritt"
"317","2014-06-30","500.00","6003","fgv"
"318","2014-06-30","66.50","5203","Gutschrift aus Fehlbuchung wie bespr."
"319","2014-06-30","500.00","7204","fgv"
"320","2014-06-30","120.00","7305","fgv"
"321","2014-06-30","65.60","8203","EJ vom 24.05. und 25.05."
"322","2014-07-08","17.74","9101","Umbuchungen aus Juni"
"323","2014-07-08","16.04","3906","Gutschrift aus Juni"
"324","2014-07-09","50.00","5713","fgv"
"325","2014-07-09","100.00","6810","fgv"
"326","2014-07-09","200.00","5007","fgv"
"327","2014-07-09","50.00","7006","fgv"
"328","2014-07-09","650.00","8805","fgv"
"329","2014-07-09","100.00","7003","fgv"
"330","2014-07-09","200.00","9102","fgv"
"331","2014-07-09","500.00","4002","fgv"
"332","2014-07-09","38.85","4901","Gutschrift aus PIA Flüge und  -YB 10.6."
"333","2014-07-09","-52.07","4901","Belastung w Flug BB-Speyer- BB"
"334","2014-07-09","82.87","5102","Gutschrift aus Flug BB-Speyer-BBJuni"
"335","2014-07-15","150.00","6411","fgv"
"336","2014-07-15","600.00","5203","fgv"
"337","2014-07-15","500.00","4203","fgv"
"338","2014-07-15","100.00","7801","fgv"
"339","2014-07-21","21.50","9604","Fehlbuchungen Mai"
"340","2014-07-23","150.00","6003","Gastflüge 9.6."
"341","2014-07-30","-20.83","4708","Nachbelastung D-KIEO, Butzbach -> Ailertchen (EDGA) vom 09.06.2014"
"342","2014-07-30","18.33","9102","Gutschrift D-KIEO vom 09.06.2014"
"343","2014-07-30","20.83","9102","Gutschrift D-KIEO vom 09.06.2014"
"344","2014-07-30","-18.33","4708","Nachbelastung D-KIEO, Ailertchen (EDGA) -> Butzbach vom 09.06.2014"
"345","2014-08-10","400.00","6003","fgv"
"346","2014-08-10","50.00","7006","fgv"
"347","2014-08-10","650.00","6811","fgv"
"348","2014-08-10","100.00","7003","fgv"
"349","2014-08-10","450.00","7101","fgv"
"350","2014-08-10","300.00","6910","fgv"
"351","2014-08-10","570.00","6610","fgv"
"352","2014-08-10","-570.00","8103","Fehlbuchung fgv"
"353","2014-08-10","570.00","8103","fgv"
"354","2014-08-10","212.60","8103","fgv"
"355","2014-08-15","200.00","2903","Fluggeldvorauszahlung"
"356","2014-08-29","1000.00","5406","fgv"
"357","2014-08-29","150.00","6411","fgv"
"358","2014-08-29","500.00","6910","fgv"
"359","2014-08-29","100.00","7801","fgv"
"360","2014-08-29","52.50","8804","fgv"
"361","2014-08-29","98.75","9101","Gutschrift aus Mai/Juni Abrechnung"
"362","2014-08-29","350.00","9102","fgv"
"363","2014-08-29","500.00","9602","fgv"
"364","2014-08-29","200.00","9603","fgv"
"365","2014-08-29","500.00","5203","fgv"
"366","2014-08-29","200.00","2903","fgv"
"367","2014-08-29","603.00","3906","fgv"
"368","2014-08-30","26.41","3906","Benzin Damme"
"369","2014-08-30","24.62","6005","Benzin Kulmbach"
"370","2014-08-30","34.70","3906","Benzin Damme"
"371","2014-08-30","10.90","4705","Erstattung Hornbach"
"372","2014-08-30","4.95","4705","Erstattung Aldi"
"373","2014-08-31","650.00","7207","fgv"
"374","2014-08-31","-33.06","5313","Neuberechnung Flug BB-EDQT"
"375","2014-08-31","375.00","9202","fgv"
"376","2014-08-31","61.00","6003","Diff. aus diversen Flügen 06/07 2014"
"377","2014-08-31","107.88","5108","Storno Flug 9.6. EDQT-EDMV"
"378","2014-08-31","-50.36","5313","Neuberechnung Flug EDMV-EDQC 10.6."
"379","2014-08-31","66.12","5313","Storno Flug BB-EDQT 9.6."
"380","2014-08-31","100.92","5313","Storno Flug 10.6. EDMV-EDQC"
"381","2014-08-31","-50.46","5108","Berechnung Flug 10.6. EDMV-EDQC"
"382","2014-08-31","-33.06","5108","Berechnung Flug 9.6. BB-EDQT"
"383","2014-08-31","-53.94","5313","Berechnung Flug 9.6. EDQT-EDMV"
"384","2014-08-31","-53.94","5108","Neu Flug 9.6. EDQT-EDMV"
"385","2014-09-04","-200.00","8401","Gebühr w/FI UL Lehrgang"
"386","2014-09-04","-200.00","8203","Gebühr w/FI UL Lehrgang"
"387","2014-09-04","-200.00","7801","Gebühr w/FI UL Lehrgang"
"388","2014-09-04","-200.00","6810","Gebühr w/FI UL Lehrgang"
"389","2014-09-09","-53.94","5108","Neu Flug 9.6. EDQT-EDMV"
"390","2014-09-09","53.94","5108","muss in August"
"391","2014-09-10","200.00","6704","Fluggeldvorauszahlung"
"392","2014-09-10","300.00","5113","fgv 09.09."
"393","2014-09-10","100.00","7003","fgv 08.09."
"394","2014-09-10","1000.00","7503","fgv 09.09."
"395","2014-09-10","-40.68","8103","Korrekturbuchung Fluggebühren August 14"
"396","2014-09-12","50.81","8103","Gutschrift w/Doppelbuchung am 30.4. und Flug vom 23.3."
"397","2014-09-14","300.00","8401","fgv"
"398","2014-09-22","580.00","6610","fgv"
"399","2014-09-22","1000.00","6810","fgv 11.9."
"400","2014-09-22","500.00","4906","fgv 11.9."
"401","2014-09-22","150.00","6411","fgv"
"402","2014-09-22","100.00","7801","fgv"
"403","2014-09-22","300.00","6807","fgv"
"404","2014-09-22","300.00","6105","fgv"
"405","2014-09-22","100.00","4708","fgv"
"406","2014-09-22","50.00","7006","fgv"
"407","2014-09-22","100.00","6810","fgv"
"408","2014-09-30","42.66","5113","Gutschrift w/Werkstattfl. Aue1/2"
"409","2014-09-30","68.22","6704","Gutschrift REWE"
"410","2014-09-30","13.95","6704","Gutschrift Moos"
"411","2014-09-30","8.37","6704","Gutschrift  real"
"412","2014-09-30","26.14","7801","diverse Gutschriften Mack,Lidl"
"413","2014-09-30","-84.00","5406","EJ 1.8.2014"
"414","2014-09-30","28.50","5406","38 Min PIA Motor"
"415","2014-09-30","125.00","7305","fgv 5.9."
"416","2014-09-30","-84.00","5406","EJ 1.8.2014"
"417","2014-09-30","-1333.96","6610","Korrektur Mai 2014"
"418","2014-09-30","20.68","6806","Tanken Idar Oberstein"
"419","2014-09-30","37.30","3906","Benzingutschrift Damme"
"420","2014-09-30","38.88","5406","Benzingutschrift Flensburg"
"421","2014-09-30","39.01","6908","Benzingutschrift Tannheim"
"422","2014-09-30","504.00","3906","fgv 24.9."
"423","2014-09-30","490.00","6610","fgv 22.9."
"424","2014-09-30","75.16","5302","Benzingutschrift Heringsdorf"
"425","2014-09-30","32.44","7801","Gutschrift  Wobst"
"426","2014-09-30","26.62","5406","Benzingutschrift Porta"
"427","2014-09-30","56.24","4002","Gutschrift Copy Fix"
"428","2014-09-30","34.99","7006","Benzingutschrift Hassfurt"
"429","2014-09-30","64.80","5406","Benzingutschrift  Husum"
"430","2014-10-01","200.00","7206",
"431","2014-10-01","1300.00","6704",
"432","2014-10-19","84.00","5406","EJ 1.8.14 "
"433","2014-10-19","84.00","5406","EJ 1.8.14 "
"434","2014-10-20","100.00","4708","fgv 07.10."
"435","2014-10-20","800.00","4002","fgv 07.10."
"436","2014-10-20","164.18","7305","fgv 08.10."
"437","2014-10-20","100.00","6810","fgv 01.10."
"438","2014-10-20","100.00","7003","fgv 06.10."
"439","2014-10-20","50.00","7006","fgv 02.10."
"440","2014-10-20","100.00","5113","fgv 01.10."
"441","2014-10-20","200.00","5113","fgv 01.10."
"442","2014-10-20","400.00","6806","fgv 01.10."
"443","2014-10-20","100.00","5108","fgv 01.10."
"444","2014-10-20","150.00","6411","fgv 15.10."
"445","2014-10-20","100.00","7801","fgv 15.10."
"446","2014-10-20","258.37","9004","fgv 17.10."
"447","2014-10-20","19.41","6005","Benzin w/Dahlemer Binz"
"448","2014-10-20","-178.50","6006","Gebühren w/UL Lehrgang"
"449","2014-10-20","-476.00","8203","Gebühren w/UL Lehrgang"
"450","2014-10-20","-476.00","7801","Gebühren w/UL Lehrgang"
"451","2014-10-20","-476.00","6810","Gebühren w/UL Lehrgang"
"452","2014-10-20","-476.00","8401","Gebühren w/UL Lehrgang"
"453","2014-10-20","-1177.00","6704","Gebühren w/UL Lehrgang"
"454","2014-10-20","-395.00","6307","Abbuchung Arbeitsstdn 10/12=-500 plus Mitgliedsbeitrag 4QU versehentlich abgebucht"
"455","2014-10-20","100.00","5108","fgv 17.10."
"456","2014-10-24","300.00","5203","fgv v. 21.10."
"457","2014-10-24","500.00","6610","fgv v. 21.10."
"458","2014-10-24","500.00","8902","fgv v. 23.10."
"459","2014-10-24","300.00","6105","fgv 22.10."
"460","2014-10-24","40.68","8103","Ausgleich der Buchung v. 10.0."
"461","2014-10-25","52.50","9202","Gutschrift Mitgliedsbeitrag Q4"
"462","2014-10-28","6.67","5315","D-MDYB, 10.9.14, 10:23"
"463","2014-10-28","20.00","5315","D-MDYB, 10.9.14, 10:28"
"464","2014-10-29","500.00","6910","fgv 28.10."
"465","2014-10-29","250.00","9202","fgv 28.10."
"466","2014-11-06","79.80","6610","RG Aeroakku"
"467","2014-11-09","-190.00","8804","Offene Arbeisstunden"
"468","2014-11-09","-551.49","8804","Auszahlung Fluggeldkonto"
"469","2014-11-09","52.50","8804","Gutschrift Mitgliedsbeitrag Q4"
"470","2014-11-10","50.00","6810","Präsentkorb Kloster"
"471","2014-11-11","98.64","5315","28.10. YB, Umbuchung Klee"
"472","2014-11-11","-98.64","8103","28.10. YB, Kesberg"
"473","2014-11-11","200.00","6810","Gebühren w/UL Lehrgang"
"474","2014-11-11","200.00","7801","Gebühren w/UL Lehrgang"
"475","2014-11-11","200.00","8203","Gebühren w/UL Lehrgang"
"476","2014-11-11","-84.00","5406","1.8.14 EJ Doppelbuchung"
"477","2014-11-11","200.00","8401","Gebühren w/UL Lehrgang"
"478","2014-11-12","200.00","6704","Vorauszahlung UL FI"
"479","2014-11-19","100.00","4708","fgv 5.11."
"480","2014-11-19","100.00","7003","fgv 6.11."
"481","2014-11-19","50.00","7006","fgv 4.11."
"482","2014-11-19","100.00","6810","fgv 3.11."
"483","2014-11-19","650.00","6812","fgv 10.11."
"484","2014-11-19","150.00","6411","fv 17.11."
"485","2014-11-19","100.00","7801","fgv 17.11."
"486","2014-11-19","411.00","6610","fgv 19.11."
"487","2014-11-21","178.37","7305","fgv 20.11."
"488","2014-11-23","32.37","5406","Metro"
"489","2014-11-23","5.40","5406","Metzger Kopp"
"490","2014-11-23","46.98","5406","Metro"
"491","2014-11-28","34.93","4705","w/toom"
"492","2014-11-28","10.49","4705","w/Deutsche Post"
"493","2014-11-28","8.98","4705","w/atu"
"494","2014-11-28","75.00","6704","fgv w/Daniel Herre"
"495","2014-11-28","60.00","8203","fgv w/Oliver Knicker"
"496","2014-11-30","-600.00","6512","Arbeitsstunden 2014"
"497","2014-11-30","-15.00","9709","Arbeitsstunden 2014"
"498","2014-11-30","-337.50","6811","Arbeitsstunden 2014"
"499","2014-11-30","-540.00","8902","Arbeitsstunden 2014"
"500","2014-11-30","-600.00","7204","Arbeitsstunden 2014"
"501","2014-11-30","-60.00","9604","Arbeitsstunden 2014"
"502","2014-11-30","-200.00","7003","Arbeitsstunden 2014"
"503","2014-11-30","-410.00","5203","Arbeitsstunden 2014"
"504","2014-11-30","-75.00","4906","Arbeitsstunden 2014"
"505","2014-11-30","-20.00","9402","Arbeitsstunden 2014"
"506","2014-11-30","-250.00","8805","Arbeitsstunden 2014"
"507","2014-11-30","-540.00","7304","Arbeitsstunden 2014"
"508","2014-11-30","40.68","8103","zuviel berechnete Gebühren aus Flügen v. 27.und 30.8."
"509","2014-11-30","81.34","8103","Eingang fgv aus Gutschrift v. 19.9."
"510","2014-11-30","181.29","9605","Gutschrift der Flüge v. 3.10."
"511","2014-11-30","-181.29","7503","Belastung der Flüge v. 3.10."
"512","2014-11-30","-40.68","8103","Storno Ausgleichsbuchung"
"513","2014-11-30","40.68","8103","Ausgleich Buchung Diff. Endsaldo August und Anfangssaldo Sept."
"514","2014-11-30","-135.00","6809","Arbeitsstunden 2014"
"515","2014-11-30","-200.00","6006","Arbeitsstunden 2014"
"516","2014-11-30","-220.00","5406","Arbeitsstunden 2014"
"517","2014-11-30","-100.00","9005","Arbeitsstunden 2014"
"518","2014-11-30","-600.00","6806","Arbeitsstunden 2014"
"519","2014-11-30","-600.00","5709","Arbeitsstunden 2014"
"520","2014-11-30","-540.00","5101","Arbeitsstunden 2014"
"521","2014-11-30","-75.00","5113","Arbeitsstunden 2014"
"522","2014-11-30","-200.00","6005","Arbeitsstunden 2014"
"523","2014-11-30","-300.00","7407","Arbeitsstunden 2014"
"524","2014-11-30","-30.00","6209","Arbeitsstunden 2014"
"525","2014-11-30","-600.00","7903","Arbeitsstunden 2014"
"526","2014-11-30","-235.00","5316","Arbeitsstunden 2014"
"527","2014-11-30","26.25","3602","w/ebay Rundumleuchte"
"528","2014-11-30","56.52","5108","Erstattung Auslagen w/Jahresabschlussfeier"
"529","2014-11-30","-60.00","3201","Arbeitsstunden 2014"
"530","2014-11-30","-5.00","4904","Arbeitsstunden 2014"
"531","2014-11-30","-600.00","5102","Arbeitsstunden 2014"
"532","2014-11-30","-600.00","6004","Arbeitsstunden 2014"
"533","2014-11-30","-600.00","7701","Arbeitsstunden 2014"
"534","2014-11-30","-600.00","4811","Arbeitsstunden 2014"
"535","2014-11-30","-20.00","9602","Arbeitsstunden 2014"
"536","2014-11-30","-600.00","7503","Arbeitsstunden 2014"
"537","2014-11-30","-600.00","6904","Arbeitsstunden 2014"
"538","2014-11-30","-25.00","9801","Arbeitsstunden 2014"
"539","2014-11-30","-575.00","6910","Arbeitsstunden 2014"
"540","2014-11-30","-80.00","9001","Arbeitsstunden 2014"
"541","2014-12-29","100.00","4708","fgv 2.12."
"542","2014-12-29","50.00","7006","fgv 2.12."
"543","2014-12-29","232.02","8103","fgv 5.12."
"544","2014-12-29","438.69","8103","fgv 8.12."
"545","2014-12-29","150.00","6411","fgv 15.12."
"546","2014-12-29","100.00","7801","fgv 15.12."
"547","2014-12-29","750.00","4906","fgv 22.12."
"548","2014-12-29","300.00","6910","fgv 23.12."
"549","2014-12-29","1000.00","4705","fgv 12.12."
"550","2014-12-30","1100.00","7503","fgv 30.12."
"551","2014-12-31","14.95","4705","aldi"
"552","2014-12-31","86.80","6610","Pilot Shop"
"553","2014-12-31","26.80","6003","HP-TExtiles"
"554","2014-12-31","16.90","6003","Schreiber"
"555","2014-12-31","25.29","6003","globus"
"556","2014-12-31","65.89","6411","dän. Bettenlager"
"557","2014-12-31","11.97","6411","Dän. Bettenlager"
"558","2015-01-22","100.00","4708","fgv 6.1.2015"
"559","2015-01-22","412.00","6610","fgv 5.1.2015"
"560","2015-01-22","50.00","7006","fgv 5.1.2015"
"561","2015-01-22","100.00","6810","fgv 2.1.2015"
"562","2015-01-22","100.00","7003","fgv 6.1.2015"
"563","2015-01-22","300.00","9101","fgv 13.1.2015"
"564","2015-01-22","600.00","5313","fgv 13.1.2015"
"565","2015-01-22","150.00","6411","fgv 15.1.2015"
"566","2015-01-22","100.00","7801","fgv 15.1.2015"
"567","2015-01-22","300.00","6910","fgv 21.1.2015"
"568","2015-01-30","501.00","6610","fgv 27.1."
"569","2015-01-31","10.87","7003","toom"
"570","2015-01-31","12.98","5302","toom"
"571","2015-01-31","23.60","6003","Autoteile Baumgarten"
"572","2015-01-31","24.96","6411","Kretschmar"
"573","2015-02-09","500.00","6704","fgv 08.02."
"574","2015-02-10","100.00","7003","fgv 6.12. sorry"
"575","2015-02-14","17.85","6003","Alko"
"576","2015-02-16","36.85","6610","Junkers"
"577","2015-02-16","50.82","7003","von Jakovljevic"
"578","2015-02-16","29.56","7003","notebooksbilliger"
"579","2015-02-16","38.55","6610","Kaminski"
"580","2015-02-25","100.00","7801","fgv 16.02.2015"
"581","2015-02-25","150.00","6411","fgv. 16.02.2015"
"582","2015-02-25","200.00","5007","Fluggeldvorauszahlung 09.02.2015"
"583","2015-02-25","600.00","5101","Fluggeldvorauszahlung"
"584","2015-02-25","1000.00","4811","Fluggeldvorauszahlung"
"585","2015-02-25","700.00","6811","Fluggeldvorauszahlung"
"586","2015-02-25","14.88","9403","Umbuchung Porto "
"587","2015-02-25","2319.27","5302","Umbuchung (Rg Schreinerei REc-15.1017"
"588","2015-02-27","600.00","4002","fgv 27.2.2015"
"589","2015-02-27","50.00","9101","fgv 26.2.2015"
"590","2015-03-05","300.00","6809","fgv 2.3."
"591","2015-03-05","300.00","5203","fgv 2.3."
"592","2015-03-05","500.00","9001","fgv2.3."
"593","2015-03-05","100.00","6810","fgv 2.3."
"594","2015-03-05","50.00","7006","fgv 3.3."
"595","2015-03-05","1000.00","4302","fgv 4.3."
"596","2015-03-05","150.00","8203","fgv 02.03.2015"
"597","2015-03-09","1000.00","5316","fgv 09.03.2015"
"598","2015-03-11","50.00","6411","fgv 02.03.2015"
"599","2015-03-11","400.00","6003","fgv 09.03.2015"
"600","2015-03-11","100.00","7003","fgv 06.03.2015"
"601","2015-03-11","290.95","6004","fluggeldausgleich 10.03.2015"
"602","2015-03-11","482.04","5709","fluggeldausgleich 10.03.2015"
"603","2015-03-11","1300.00","5102","fgv 05.02.2015"
"1024","2015-03-20","32.03","5108","Benzin fremd Mwsterstattung Deutschlandflug"
"1025","2015-03-23","-64.00","5108","Bel Schulflug v. 21.1."
"1026","2015-03-23","64.00","6610","Gutschrift Flug 21.1.(betrifft M Tetzner)"
"1027","2015-03-24","200.00","4708","fgv 23.3."
"1028","2015-03-24","600.00","5101","fgv 19.3."
"1029","2015-03-24","650.00","5304","fgv 19.3."
"1030","2015-03-24","600.00","4405","fgv 19.3."
"1031","2015-03-24","450.00","4901","fgv 18.3."
"1032","2015-03-24","700.00","3201","fgv 17.3."
"1033","2015-03-24","1000.00","5203","fgv 17.3."
"1034","2015-03-24","503.00","6610","fgv 17.3."
"1035","2015-03-24","350.00","6809","fgv 17.3."
"1036","2015-03-24","100.00","7801","fgv 16.3."
"1037","2015-03-24","200.00","6209","fgv 16.3."
"1038","2015-03-24","150.00","6411","fgv 15.3."
"1039","2015-03-24","-50.00","6411","Storno v. 2.3 da Kassenabrg"
"1040","2015-03-24","300.00","6005","fgv 12.3."
"1041","2015-03-24","500.00","6209","fgv 12.3."
"1042","2015-03-28","500.00","6005","fgv 12.03.15 #2"
"1043","2015-03-28","600.00","4904","fgv 24.03.15"
"1044","2015-03-28","400.00","6807","fgv 25.03.15"
"1045","2015-03-28","500.00","6910","fgv 26.03.15"
"1046","2015-03-30","49.83","6610","Schreiber"
"1047","2015-03-30","11.70","6610","Wobst"
"1048","2015-03-30","11.95","6610","Wobst"
"1049","2015-03-30","29.08","4705","diverse w/Kantine"
"1050","2015-03-30","3.49","4705","toom"
"1051","2015-03-30","-500.00","6005","Storno da Fehlbuchung v. 28.3."
"1052","2015-03-30","59.50","6704","Miete w/JHV"
"1053","2015-03-31","650.00","3906","fgv 31.3."
"1054","2015-03-31","300.00","9603","fgv 30.3."
"1055","2015-03-31","100.00","7003","Fgv aus Febr"
"1056","2015-04-05","-107.00","6704","Hallenmiete Q2/2014 MAXT"
"1057","2015-04-08","600.00","5108","fgv 08.04.2015"
"1058","2015-04-08","600.00","5113","fgv 08.04.15"
"1059","2015-04-08","650.00","6004","fgv 07.04.15"
"1060","2015-04-08","650.00","5709","fgv 07.04.15"
"1061","2015-04-08","100.00","7003","fgv 07.04.15"
"1062","2015-04-08","300.00","5406","fgv 07.04.15"
"1063","2015-04-08","1200.00","6512","fgv 07.04.15"
"1064","2015-04-08","300.00","9403","fgv 07.04.15"
"1065","2015-04-08","1000.00","4203","fgv 02.04.15"
"1066","2015-04-08","50.00","7006","fgv 02.04.15"
"1067","2015-04-08","100.00","6810","fgv 01.04.15"
"1068","2015-04-08","100.00","4708","fgv 01.04.15"
"1069","2015-04-08","500.00","8902","fgv 01.04.15"
"1070","2015-04-08","950.00","7407","fgv bar am 08.04.15"
"1071","2015-04-11","350.00","9709","FGV 10.04.2015"
"1072","2015-04-11","400.00","6908","FGV 09.04.2015"
"1073","2015-04-11","350.00","5406","FGV 09.04.2015"
"1074","2015-04-15","234.43","5302","Rg w Einburchschaden"
"1075","2015-04-15","650.00","6105","fgv 14.4."
"1076","2015-04-15","600.00","7206","fgv 14.4."
"1077","2015-04-15","500.00","6411","fgv 14.4."
"1078","2015-04-20","100.00","7801","fgv 15.4."
"1079","2015-04-20","300.00","6005","fgv 15.4."
"1080","2015-04-20","150.00","6411","fgv 15.4."
"1081","2015-04-24","237.00","9604","fgv 21.4."
"1082","2015-04-24","50.00","9102","fgv 21.4."
"1083","2015-04-29","300.00","9402","fgv 29.4."
"1084","2015-04-29","700.00","8401","fgv 27.4."
"1085","2015-05-03","25.92","4002","Tanken Bohmte"
"1086","2015-04-30","25.92","6610","TknFreiburg"
"1087","2015-04-30","88.06","6610","Beläge -LUM"
"1088","2015-04-30","25.92","6411","Tkn Worms"
"1089","2015-05-11","142.00","5302","Gutschrift Butzbach-Auerbach 11.4."
"1090","2015-05-11","700.00","7204","fgv aus April"
"1091","2015-05-11","26.00","4002","Gutschrift Gastflug v. 22.4."
"1092","2015-05-01","-5.72","9101","Korrekturbuchung  Abrechnung April 2015"
"1093","2015-05-23","60.00","9002","Gutschrift Segelflugbeitrag - Erstattung"
"1094","2015-05-25","216.90","7903","Umbuchung Kämpfer"
"1095","2015-05-25","600.00","7903","Gutschrift Arbeitsstunden 2014"
"1096","2015-05-25","-216.90","7503","Umbuchung Bayram"
"1097","2015-05-25","35.00","9002","Gutschrift Flug 14.4."
"1098","2015-05-25","-35.00","2903","Belastung Flug 14.4. mit Franksen"
"1099","2015-05-26","300.00","10001","fgv 26.5."
"1100","2015-05-26","650.00","6611","fgv 26.5."
"1101","2015-05-26","500.00","6704","fgv bar am 26.5."
"1102","2015-05-26","500.00","7901","fgv 22.5."
"1103","2015-05-26","260.00","9801","fgv 22.5."
"1104","2015-05-26","500.00","4205","fgv 20.5."
"1105","2015-05-26","500.00","6910","fgv 19.5."
"1106","2015-05-26","52.15","7206","fgv von Sprenger DANKE!!"
"1107","2015-05-26","100.00","7801","fgv 15.5."
"1108","2015-05-26","150.00","6411","fgv 15.5."
"1109","2015-05-26","1000.00","4906","fgv 11.5."
"1110","2015-05-26","1000.00","6811","fgv 11.5."
"1111","2015-05-26","350.00","6405","fgv 7.5."
"1112","2015-05-26","100.00","7003","fgv 6.5."
"1113","2015-05-26","1000.00","7304","fgv 5.5."
"1114","2015-05-26","50.00","7006","fgv 5.5."
"1115","2015-05-26","100.00","4708","fgv 5.5."
"1116","2015-05-26","100.00","6810","fgv 4.5."
"1117","2015-05-27","30.53","7006","Tanken Saarmund"
"1118","2015-05-01","100.00","8203","fgv"
"1119","2015-05-29","100.00","8203","fgv 29.5."
"1120","2015-05-29","300.00","2503","fgv 28.5."
"1121","2015-05-28","51.00","2503","Umbuchung div. Flüge 22.2./28.2."
"1122","2015-05-28","-51.00","4811","Umbuchung div. Flüge 22.2./28.2."
"1123","2015-05-28","101.20","6003","w/Siebert"
"1124","2015-06-05","31.00","3906","Gutschrift w/Segelfug im Falken"
"1125","2015-05-31","27.99","4705","Gutschrift /Flug 18.4."
"1126","2015-05-31","4.00","4705","Gutschrift /Flug 18.4."
"1127","2015-05-31","57.32","4705","Gutschrift /Flug 18.4."
"1128","2015-05-31","-27.99","5113","Belastung w/Flub 18.4. (Gonidec)"
"1129","2015-05-31","-4.00","5113","Belastung w/Flub 18.4. (Gonidec)"
"1130","2015-05-31","-57.32","5113","Belastung w/Flub 18.4. (Gonidec)"
"1131","2015-06-08","67.42","5406","Gutschrift Benzin Strausberg"
"1132","2015-06-08","77.82","5406","Gutschrift Benzin Büsum"
"1133","2015-06-08","42.53","5406","Gutschrift Benzin Damme"
"1134","2015-05-31","-6.02","9101","Korrektur w/fehlenden Windenstarts"
"1135","2015-05-31","26.25","7801","Korrektur Flüge 26.4."
"1136","2015-05-31","5.10","7801","Korrektur Flüge 26.4."
"1137","2015-05-25","35.00","2903","Storno"
"1138","2015-05-25","-35.00","3201","Korrektur Flug 14.4."
"1139","2015-05-31","24.25","4901","Korrektur w/Flug Worms 7.4."
"1140","2015-05-31","24.25","5102","Belastung w/Flug Worms 7.4."
"1141","2015-06-10","-24.25","5102","Storno"
"1142","2015-06-10","24.25","5102","Storno"
"1143","2015-05-31","24.25","5102","Storno"
"1144","2015-05-31","-48.50","5102","Storno w/doppelter Gutschrift"
"1145","2015-05-31","-24.25","5102","Belastung w/Flug Worms 7.4."
"1146","2015-06-15","150.00","6411","fgv 15.6."
"1147","2015-06-15","1000.00","5406","fgv 10.6."
"1148","2015-06-15","100.00","4708","fgv 9.6."
"1149","2015-06-15","100.00","7003","fgv 8.6."
"1150","2015-06-15","200.00","9001","fgv 5.6."
"1151","2015-06-15","605.00","6610","fgv 2.6."
"1152","2015-06-15","50.00","7006","fgv 2.6."
"1153","2015-06-15","501.00","3906","fgv 2.6."
"1154","2015-06-15","100.00","6810","fgv 1.6."
"1155","2015-06-15","120.00","4406","fgv 12.6."
"1156","2015-06-17","226.10","4002","Fa Trost"
"1157","2015-06-15","650.00","8504","FGV"
"1158","2015-06-20","135.00","6809","Arbeitsstunden 2014"
"1159","2015-06-25","100.00","7801","fgv 15.6."
"1160","2015-06-25","150.00","6411","fgv 15.6."
"1161","2015-06-25","-150.00","6411","storno"
"1165","2015-06-29","60.49","6610","aerospool"
"1166","2015-06-29","11.70","6610","wobst"
"1167","2015-06-29","19.97","6411","Metro"
"1168","2015-06-30","74.00","6610","Gutschrift w Flug 17.5."
"1169","2015-07-06","19.50","7801","Gutschrift MoSe Segelflug D-KIEJ 15.05.15"
"1170","2015-07-10","200.00","5007","fgv 8.7."
"1171","2015-07-10","707.00","6610","fgv 7.7."
"1172","2015-07-10","100.00","7003","fgv 6.7."
"1173","2015-07-10","50.00","7006","fgv 2.7."
"1174","2015-07-10","100.00","4708","fgv 2.7."
"1175","2015-07-10","500.00","6910","fgv 2.7."
"1176","2015-07-10","100.00","6810","fgv 1.7."
"1177","2015-07-10","650.00","8903","fgv 1.7."
"1178","2015-07-12","34.99","5302","Gas für Grill"
"1179","2015-07-13","750.00","6806","fgv 13.7."
"1180","2015-07-13","300.00","5313","fgv 10.7."
"1181","2015-07-15","100.00","7801","fgv 15.7."
"1182","2015-07-15","150.00","6411","fgv 15.7."
"1183","2015-07-19","37.50","5406","Brötchen TdoT"
"1184","2015-07-19","37.50","5406","Brötchen TdoT"
"1185","2015-07-19","-37.50","5406","Brötchen TdoT"
"1186","2015-07-19","22.91","5712","Fotos, Kopien Kleber TdoT"
"1187","2015-07-22","26.79","5406","Benzin Heringsdorf (19x1,41€)"
"1188","2015-07-25","332.60","5302","REC-15.1019 v.06.02.15"
"1189","2015-07-25","234.43","5302","REC-15.1049 v.29.06.15"
"1190","2015-07-25","1363.98","5302","REC-15,1048 v.29.06.15"
"1191","2015-07-25","1615.31","5302","REC-15.1041 v.02.06.15"
"1192","2015-07-25","150.00","6810","Subscription fee für Dynonon Database"
"1193","2015-07-28","-10.73","4405","Flugsicherungsgebühr D-KOMH 17.62015"
"1194","2015-07-29","6.49","5315","Sprühlack MH"
"1195","2015-07-30","22.50","4302","Gutschrift Segelflug D-KIEJ 26.7.2015"
"1196","2015-07-31","17.50","5406","Gutschrift Segelflug D-KIEJ 15.7.2015"
"1197","2015-07-17","-60.00","7206","nachträglich Abrg. Flug v. 7.6. mit -EJ"
"1198","2015-07-20","200.00","9605","fgv 20.7."
"1199","2015-07-20","250.00","5304","fgv 20.7."
"1200","2015-07-20","150.00","7305","fgv 20.7."
"1201","2015-07-22","500.00","6812","fgv 22.7."
"1202","2015-07-24","700.00","6806","fgv 24.7."
"1203","2015-07-31","600.00","6003","fgv 31.7."
"1204","2015-07-31","707.20","6610","fgv 31.7."
"1205","2015-08-19","50.00","7006","fgv 4.8."
"1206","2015-08-19","500.00","5113","fgv 4.8."
"1207","2015-08-19","150.00","5401","fgv 10.8."
"1208","2015-08-19","5.00","6910","fgv 6.8."
"1209","2015-08-19","100.00","6810","fgv 3.8."
"1210","2015-08-19","100.00","7003","fgv 6.8."
"1211","2015-08-19","150.00","6411","fgv 15.8."
"1212","2015-08-19","500.00","9403","fgv 17.8."
"1213","2015-08-19","100.00","7801","fgv 17.8."
"1214","2015-08-19","600.00","7101","fgv 18.8."
"1215","2015-08-19","600.00","6910","fgv 18.8."
"1216","2015-08-28","600.00","8806","fgv 27.8."
"1217","2015-08-28","500.00","6105","fgv 26.8."
"1218","2015-08-28","150.00","5712","fgv 24.8."
"1219","2015-08-28","500.00","6005","fgv 24.8."
"1220","2015-08-28","1000.00","6811","fgv 24.8."
"1221","2015-08-28","500.00","6910","fgv 24.8."
"1222","2015-08-28","250.00","5101","fgv 20.8."
"1223","2015-08-28","500.00","8504","fgv 20.8"
"1224","2015-08-31","108.88","5315","diverse Tankrechnungen"
"1225","2015-08-31","696.00","6610","Woodcomp"
"1226","2015-08-31","34.99","5302","Total"
"1227","2015-08-31","157.53","6005","diverse Tankrechnungen"
"1228","2015-08-31","22.45","6811","Tanken Würzburg"
"1229","2015-08-31","57.05","6908","Tanken Strausberg"
"1230","2015-08-31","-34.99","5302","Storno da doppelt"
"1231","2015-09-07","68.00","4405","Gutschrift Gastflug 14.7."
"1232","2015-09-13","70.65","4705","Gutschrift Flug D-MLUM 22.08."
"1233","2015-09-13","-70.65","4906","Belastung Flug D-MLUM 22.08."
"1234","2015-09-14","21.71","6811","tanken Eisenach"
"1235","2015-09-14","80.25","9402","Gutschrift D-KPIA vom 22.08."
"1236","2015-09-14","80.25","9403","Gutschrift D-KPIA vom 22.08."
"1237","2015-09-21","500.00","4002","fgv 16.9."
"1238","2015-09-21","1000.00","4705","fgv 16.9."
"1239","2015-09-21","650.00","8807","fgv 16.9."
"1240","2015-09-21","100.00","7801","fgv 15.9."
"1241","2015-09-21","150.00","6411","fgv 15.9."
"1242","2015-09-21","500.00","4203","fgv 14.9."
"1243","2015-09-21","300.00","5203","fgv 14.9."
"1244","2015-09-21","412.96","8103","fgv 9.9."
"1245","2015-09-21","-696.00","6610","Storno Woodcomp"
"1246","2015-09-21","609.00","6610","fgv 8.9."
"1247","2015-09-21","500.00","4205","fgv 8.9."
"1248","2015-09-21","500.00","6908","fgv 8.9."
"1249","2015-09-21","200.00","5101","fgv 8.9."
"1250","2015-09-21","200.00","5007","fgv 7.9."
"1251","2015-09-21","100.00","7003","fgv 7.9."
"1252","2015-09-21","50.00","7006","fgv 2.9."
"1253","2015-09-21","650.00","8601","fgv  2.9."
"1254","2015-09-21","100.00","6810","fgv 1.9."
"1255","2015-09-21","300.00","5313","fgv 1.9."
"1256","2015-09-21","163.30","6610","Friebe Rg. v. 10.7."
"1257","2015-09-21","22.87","6610","Tkn Saarlouis 16 Ltr. a 1,42562"
"1258","2015-09-21","291.55","6610","Tkn Frankreich 243,36 Ltr. a 1,198 (ohne MWST)"
"1259","2015-09-21","350.00","6704","fgv"
"1260","2015-09-25","150.00","9102","fgv 22.9."
"1261","2015-09-25","509.00","6610","fgv 22.9."
"1262","2015-09-28","-108.88","5315","Storno div. Tankrechnungen v. 31.8."
"1263","2015-09-28","34.21","5315","Tanken Eberstadt 24 Ltr. a 1,425"
"1264","2015-09-28","76.81","5315","Tanken Suben ohne MWST a 1,197"
"1265","2015-09-28","29.68","5315","Tenken Kempen 20,82 a 1,425"
"1266","2015-09-29","300.00","5113","fgv 29.9."
"1267","2015-09-30","15.00","9605","Gutschrift Segelflug D-KIEJ 29.8.15"
"1268","2015-10-03","23.96","6704","Leder von EDEKA 15.07.2015"
"1269","2015-10-22","150.00","6512","fgv 21.10."
"1270","2015-10-22","510.00","6610","fgv 20.10."
"1271","2015-10-22","100.00","7801","fgv 15.10."
"1272","2015-10-22","150.00","6411","fgv 15.10."
"1273","2015-10-22","200.00","8806","fgv 13.10."
"1274","2015-10-22","650.00","8204","fgv 13.10."
"1275","2015-10-22","243.96","9001","fgv 12.10."
"1276","2015-10-22","300.00","5406","fgv 8.10."
"1277","2015-10-22","1000.00","6811","fgv 7.10."
"1278","2015-10-22","750.00","8504","fgv  6.10."
"1279","2015-10-22","100.00","7003","fgv 6.10."
"1280","2015-10-22","-700.00","6806","fgv Retoure"
"1281","2015-10-22","50.00","7006","fgv 2.10."
"1282","2015-10-22","150.00","9603","fgv 5.10."
"1283","2015-10-22","100.00","6810","fgv 1.10."
"1284","2015-10-22","400.00","6704","fgv 12.10"
"1285","2015-10-29","100.00","6809","fgv 29.10."
"1286","2015-10-29","600.00","6910","fgv 27.10."
"1287","2015-10-29","150.00","7206","fgv 27.10."
"1288","2015-10-29","600.00","5316","fgv 26.10."
"1289","2015-10-31","99.12","6809","Gutschrift Tkn 49,05+33,76 Ltr a 1,197 ohne MWST"
"1290","2015-10-31","502.00","3906","fgv v. 25.8."
"1291","2015-09-01","650.00","9710","fgv"
"1292","2015-11-23","500.00","9710","fgv 13.10."
"1293","2015-11-23","-16.00","8601","4 Landungen v. 26.9. a 4 Min wurden nicht erfasst, daher manuelle Buchung"
"1294","2015-11-23","16.00","8807","4 Landungen a 4 Min  v. 26.9. wurden falsch zugeordnet"
"1295","2015-11-25","1500.00","6904","fgv 16.11."
"1296","2015-11-25","440.00","8601","fgv 16.11."
"1297","2015-11-25","150.00","6411","fgv 13.11."
"1298","2015-11-25","300.00","5406","fgv 10.11."
"1299","2015-11-25","100.00","7003","fgv 06.11."
"1300","2015-11-25","200.00","8806","fgv 03.11."
"1301","2015-11-25","50.00","7006","fgv 3.11."
"1302","2015-11-25","100.00","6810","fgv 2.11."
"1303","2015-11-25","200.00","8903","fgv 2.11."
"1304","2015-11-25","-95.00","5316","Arbeitsstunden 2014/2015"
"1305","2015-11-25","-280.00","6812","Arbeitsstunden 2014/2015"
"1306","2015-11-25","-90.00","8807","Arbeitsstunden 2014/2015"
"1307","2015-11-25","-570.00","6209","Arbeitsstunden 2014/2015"
"1308","2015-11-25","-585.00","7407","Arbeitsstunden 2014/2015"
"1309","2015-11-25","-380.00","6005","Arbeitsstunden 2014/2015"
"1310","2015-11-25","-405.00","5113","Arbeitsstunden 2014/2015"
"1311","2015-11-25","-600.00","5101","Arbeitsstunden 2014/2015"
"1312","2015-11-25","-50.00","10003","Arbeitsstunden 2014/2015"
"1313","2015-11-25","-22.50","7206","Arbeitsstunden 2014/2015"
"1314","2015-11-25","-600.00","5102","Arbeitsstunden 2014/2015"
"1315","2015-11-25","-35.50","10001","Arbeitsstunden 2014/2015"
"1316","2015-11-25","-575.00","6910","Arbeitsstunden 2014/2015"
"1317","2015-11-25","-160.00","6105","Arbeitsstunden 2014/2015"
"1318","2015-11-25","-40.00","9202","Arbeitsstunden 2014/2015"
"1319","2015-11-25","-230.00","10101","Arbeitsstunden 2014/2015"
"1320","2015-11-25","225.00","9801","Arbeitsstunden 2014/2015"
"1321","2015-11-25","-225.00","9801","Storno"
"1322","2015-11-25","-225.00","9801","Arbeitsstunden 2014/2015"
"1323","2015-11-25","-600.00","6904","Arbeitsstunden 2014/2015"
"1324","2015-11-25","-130.00","8104","Arbeitsstunden 2014/2015"
"1325","2015-11-25","-275.00","9602","Arbeitsstunden 2014/2015"
"1326","2015-11-25","-600.00","8401","Arbeitsstunden 2014/2015"
"1327","2015-11-25","-600.00","4811","Arbeitsstunden 2014/2015"
"1328","2015-11-25","-600.00","6004","Arbeitsstunden 2014/2015"
"1329","2015-11-25","-600.00","5709","Arbeitsstunden 2014/2015"
"1330","2015-11-25","-600.00","6806","Arbeitsstunden 2014/2015"
"1331","2015-11-25","-250.00","8903","Arbeitsstunden 2014/2015"
"1332","2015-11-25","-230.00","6611","Arbeitsstunden 2014/2015"
"1333","2015-11-25","-585.00","6512","Arbeitsstunden 2014/2015"
"1334","2015-11-25","-600.00","5203","Arbeitsstunden 2014/2015"
"1335","2015-11-25","-230.00","7101","Arbeitsstunden 2014/2015"
"1336","2015-11-25","-15.00","7003","Arbeitsstunden 2014/2015"
"1337","2015-11-25","-600.00","7204","Arbeitsstunden 2014/2015"
"1338","2015-11-25","-365.00","8902","Arbeitsstunden 2014/2015"
"1339","2015-11-25","-285.00","6811","Arbeitsstunden 2014/2015"
"1340","2015-11-25","-190.00","7901","Arbeitsstunden 2014/2015"
"1341","2015-11-25","-440.00","7207","Arbeitsstunden 2014/2015"
"1342","2015-11-25","-270.00","7801","Arbeitsstunden 2014/2015"
"1343","2015-11-25","-600.00","7304","Arbeitsstunden 2014/2015"
"1344","2015-11-25","15.00","8601","Arbeitsstunden 2014/2015"
"1345","2015-11-25","-600.00","6006","Arbeitsstunden 2014/2015"
"1346","2015-11-30","43.52","6610","Tanken Kempten 30,55 Lzr. a 1,197 +MWST"
"1347","2015-11-30","67.83","6610","Dachser"
"1348","2015-12-14","190.00","7901","Gutschrift Arbeitsstunden da nicht ganzes Jahr aktiv"
"1349","2015-12-14","50.00","8807","Korrektur Arbeitsstunden da nur 3 Monate aktiv, sorry"
"1350","2015-12-18","33.32","4405","Gutschrift Flug v. 3.11."
"1351","2015-12-18","-33.32","4205","Belastung Flug 3.11. mit U.Bening"
"1352","2015-12-18","710.00","5203","fgv 16.12."
"1353","2015-12-18","300.00","6005","fgv 15.12."
"1354","2015-12-18","800.00","6209","fgv 15.12."
"1355","2015-12-18","150.00","6411","fgv 15.12."
"1356","2015-12-18","644.54","8103","fgv 11.12."
"1357","2015-12-18","100.00","7003","fgv 7.12."
"1358","2015-12-18","200.00","8806","fgv 3.12."
"1359","2015-12-18","50.00","7006","fgv 2.12."
"1360","2015-12-18","100.00","6810","fgv 1.12."
"1361","2015-12-18","100.00","8903","fgv 1.12."
"1362","2015-12-18","100.00","6809","fgv 1.12."
"1363","2015-12-21","270.00","7801","Rückbuchung Arbeitsstunden"
"1364","2015-12-01","-600.00","6809","Arbeitsstunden 2014/2015"
"1365","2015-12-28","8.99","5302","toom"
"1366","2015-12-28","69.98","5302","Total w/Gas"
"1367","2015-12-28","500.00","6910","fgv 22.12."
"1368","2015-12-28","300.00","6611","fgv 28.12."
"1369","2015-12-31","156.90","9603","Rückerstattung aus 2014 gem Absprache"
"1370","2015-12-31","100.00","6809","fgv 29.12."
"1371","2016-01-11","55.80","6610","aeroakku"
"1372","2016-01-11","59.11","6610","Kaminski"
"1373","2016-01-11","186.83","6610","ASW Worms"
"1374","2016-01-11","38.53","7206","Auto Götz"
"1375","2016-01-20","13.00","8601","Korrektur w/falscher Abrechnung"
"1376","2016-01-20","-13.00","9710","Korrekutr w Flügen v. 20.12."
"1377","2016-01-25","102.94","6610","Dachser"
"1378","2016-02-01","100.00","6809","fgv 29.1."
"1379","2016-02-01","-100.00","6809","Storno fgv 29.1."
"1380","2016-01-29","100.00","6809","fgv"
"1381","2016-01-29","600.00","6809","Rückbuchung Arbeitsstunden"
"1382","2016-01-29","500.00","6812","fgv 21.1."
"1383","2016-01-29","600.00","4002","fgv 20.1."
"1384","2016-01-29","194.22","4811","fgv "
"1385","2016-01-29","150.00","6411","fgv 15.1."
"1387","2016-01-29","150.00","8203","fgv"
"1388","2016-01-06","100.00","7003","fgv 6.1."
"1389","2016-01-05","200.00","8806","fgv 5.1."
"1390","2016-01-05","200.00","7304","fgv 5.1."
"1391","2016-01-04","100.00","6810","fgv 4.1."
"1392","2016-01-04","400.00","6003","fgv  4.1."
"1393","2016-01-04","150.00","8903","fgv 4.1."
"1394","2016-02-01","180.00","7101","Gutschrift Segelfugbeitrag"
"1395","2016-02-10","100.00","7003","fgv 8.2."
"1396","2016-02-10","258.50","10101","fgv 4.2."
"1397","2016-02-10","1500.00","5102","fgv 4.2."
"1398","2016-02-10","200.00","8806","fgv 3.2."
"1399","2016-02-10","50.00","7006","fgv 2.2."
"1400","2016-02-10","150.00","8903","fgv 1.2."
"1401","2016-02-13","13.93","6003","toom"
"1402","2016-02-13","22.08","5108","Lidl,Rewe"
"1403","2016-02-17","45.20","5712","Metro"
"1404","2016-02-17","-226.59","7204","Auflösung FGK"
"1405","2016-02-19","602.00","6610","fgv 19.2."
"1406","2016-02-19","700.00","7304","fgv 17.2."
"1407","2016-02-19","600.00","5101","fgv"
"1408","2016-02-19","500.00","6004","fgv 16.2."
"1409","2016-02-19","650.00","5709","fgv 16.2."
"1410","2016-02-19","150.00","6411","fgv 15.2."
"1411","2016-02-19","300.00","9202","fgv15.2."
"1412","2016-02-19","300.00","6910","fgv 10.2."
"1413","2016-02-19","100.00","7003","fgv 8.2."
"1414","2016-02-23","200.00","8504","fgv 22.2."
"1415","2016-02-23","500.00","6811","fgv 22.2."
"1416","2016-02-23","300.00","9402","fgv 23.2."
"1417","2016-02-29","200.00","5101","fgv 29.2."
"1418","2016-03-01","650.00","5406","fgv 1.3."
"1419","2016-03-01","100.00","6809","fgv 1.3."
"1420","2016-03-01","250.00","8203","fgv 1.3."
"1421","2016-03-01","150.00","8903","fgv 1.3."
"1422","2016-03-06","1000.00","4302","FGV 2016 am 02.03"
"1423","2016-03-06","300.00","9101","FGV 02.03.2016"
"1424","2016-03-06","250.00","5108","FGV 02.03.2016"
"1425","2016-03-06","50.00","7006","FGV 02.03.2016"
"1426","2016-03-06","400.00","4002","FGV 03.03.2016"
"1427","2016-03-06","200.00","8806","FGV 03.03.2016"
"1428","2016-03-06","650.00","9001","FGV 03.03.2016"
"1429","2016-03-06","250.00","7206","FGV 06.03.2016"
"1430","2016-03-06","700.00","6704","fgv 07.03.2016"
"1431","2016-03-10","30.00","9603","Deutscher Aero Club"
"1432","2016-02-19","-100.00","7003","Storno fgv 8.2. da doppelt"
"1433","2016-03-10","100.00","7003","fgv 7.3."
"1434","2016-03-10","600.00","4906","fgv 7.3."
"1435","2016-03-13","200.00","4708","fgv 11.03.2016"
"1436","2016-03-13","650.00","3201","fgv 10.03.2016"
"1437","2016-03-22","1000.00","4203","fgv 14.03.2016"
"1438","2016-03-22","300.00","9603","fgv 15.03.2016"
"1439","2016-03-22","150.00","6411","fgv 15.03.2016"
"1440","2016-03-22","500.00","6105","fgv 15.03.2016"
"1441","2016-03-22","100.00","7801","fgv 15.03.2016"
"1442","2016-03-22","250.00","8203","fgv 16.03.2016"
"1443","2016-03-22","500.00","4901","fgv 21.03.2016"
"1444","2016-03-22","650.00","3906","fgv 22.03.2016"
"1445","2016-03-23","500.00","4705","fgv23.03.2016"
"1446","2016-03-23","600.00","6908","fgv 23.03.2016"
"1447","2016-03-29","1150.00","6512","fgv 29.3."
"1448","2016-04-01","250.00","7206","fgv 30.03."
"1449","2016-04-01","100.00","6809","fgv 30.03."
"1450","2016-04-01","800.00","5203","fgv 31.03."
"1451","2016-04-01","150.00","8903","fgv 01.04.2016"
"1452","2016-04-01","600.00","8401","arbeitsstundenkorrektur"
"1453","2016-03-31","80.04","5302","Tanken D-MAWL"
"1454","2016-03-31","26.43","5315","Globus"
"1455","2016-04-07","25.00","5406","Gutschrift Segelflug D-KIEJ 07.04.16"
"1456","2016-04-10","18.50","5406","Gutschrift Segelflug D-KIEJ 10.04.16"
"1457","2016-04-13","650.00","5304","fgv 13.4."
"1458","2016-04-13","400.00","4904","fgv 12.4."
"1459","2016-04-13","550.00","6806","fgv 8.4."
"1460","2016-04-13","550.00","6812","fgv 7.4."
"1461","2016-04-13","196.00","10001","fgv 7.4."
"1462","2016-04-13","169.00","10001","fgv 7.4."
"1463","2016-04-13","300.00","10001","fgv 6.4."
"1464","2016-04-13","100.00","7003","fgv 6.4."
"1465","2016-04-13","200.00","8806","fgv 5.4."
"1466","2016-04-13","300.00","9102","fgv 5.4."
"1467","2016-04-13","500.00","9710","fgv 5.4."
"1468","2016-04-13","500.00","6005","fgv 5.4."
"1469","2016-04-13","500.00","6005","fgv 5.4."
"1470","2016-04-13","-500.00","6005","Storno"
"1471","2016-04-13","-1000.00","6005","Storno"
"1472","2016-04-13","1000.00","6005","Storno"
"1473","2016-04-13","500.00","6209","fgv 5.4."
"1474","2016-04-13","550.00","6611","fgv 4.4."
"1475","2016-04-13","1000.00","5113","fgv 4.4"
"1476","2016-04-13","50.00","7006","fgv 4.4"
"1477","2016-04-13","150.00","8903","fgv 1.4."
"1478","2016-04-13","-98.36","7902","Belastung w/Auerbach 2015"
"1479","2016-04-13","-135.36","5406","Belastung w/Auerbach 2015"
"1480","2016-04-13","-196.36","10001","Belastung w/Auerbach 2015"
"1481","2016-04-13","-151.36","9603","Belastung w/Auerbach 2015"
"1482","2016-04-13","-146.36","9402","Belastung w/Auerbach 2015"
"1483","2016-04-13","-136.36","9403","Belastung w/Auerbach 2015"
"1484","2016-04-13","-181.36","7801","Belastung w/Auerbach 2015"
"1485","2016-04-13","-161.36","7801","Belastung w/Auerbach 2015 S.Schmerer"
"1486","2016-04-13","-114.36","9605","Belastung w/Auerbach 2015"
"1487","2016-04-13","-150.36","4904","Belastung w/Auerbach 2015"
"1488","2016-04-13","-134.36","8104","Belastung w/Auerbach 2015"
"1489","2016-04-13","-118.36","9101","Belastung w/Auerbach 2015"
"1490","2016-04-13","-92.36","8401","Belastung w/Auerbach 2015"
"1491","2016-04-13","-143.36","5302","Belastung w/Auerbach 2015"
"1492","2016-04-14","300.00","9605","fgv 04.04."
"1493","2016-04-15","150.00","6411","fgv 15.04"
"1494","2016-04-15","32.00","5315","Korrekutr Flüge v. 23.2. 2x16,--"
"1495","2016-04-15","-32.00","5108","Flüge 23.2. 2x16,--"
"1496","2016-04-18","177.10","6610","Junkers"
"1497","2016-04-18","24.69","6610","Wobst"
"1498","2016-04-18","91.80","6610","digitalo"
"1499","2016-04-18","20.60","6610","Wobst"
"1500","2016-04-19","29.75","5406","Gutschrift Segelflug D-KIEJ 19.04.16"
"1501","2016-04-22","50.00","9001","fgv 20.04.16"
"1502","2016-04-22","200.00","9403","fgv 18.04.2016"
"1503","2016-04-22","250.00","7801","fgv 18.04.2016"
"1504","2016-04-25","26.70","6411","hygiesoft"
"1505","2016-04-25","19.59","6003","Metro"
"1506","2016-04-25","505.00","5101","fgv 25.4."
"1507","2016-04-25","300.00","6807","fgv"
"1508","2016-04-26","805.00","6610","fgv 26.4."
"1509","2016-04-26","650.00","6004","fgv 26.4."
"1510","2016-04-26","650.00","5709","fgv 26.4."
"1511","2016-04-26","550.00","5313","fgv 26.4."
"1512","2016-04-26","130.00","5315","fgv 26.4."
"1513","2016-04-30","650.00","7901","fgv 28.04"
"1514","2016-04-30","500.00","5316","fgv 29.04."
"1515","2016-04-30","350.00","4205","fgv 29.04."
"1516","2016-04-30","100.00","6809","fgv 29.04."
"1517","2016-04-30","-563.37","6705","Auflösung FGV "
"1518","2016-04-29","18.30","5315","Siebert Staurohrschutz"
"1519","2016-05-04","200.00","7003","fgv o2.05.16"
"1520","2016-05-04","150.00","8903","fgv. 02.05.16"
"1521","2016-05-06","67.44","5406","Benzin Anklam 1,168818"
"1522","2016-05-06","11.69","5406","Benzin Güttin 1,168818"
"1523","2016-05-06","500.00","6704","fgv 6.5."
"1524","2016-05-06","100.00","7003","fgv 6.5."
"1525","2016-05-06","70.00","4904","fgv 6.5."
"1526","2016-05-06","50.00","4904","fgv 3.5."
"1527","2016-05-06","-50.00","4904","Storno"
"1528","2016-05-06","50.00","8806","fgv 3.5."
"1529","2016-05-06","300.00","9604","fgv 3.5."
"1530","2016-05-06","50.00","7006","fgv 3.5."
"1531","2016-05-06","150.00","8903","gv 2.5."
"1532","2016-05-06","-150.00","8903","Storno"
"1533","2016-05-17","150.00","6411","fgv 11.5."
"1534","2016-05-17","500.00","6405","fgv 10.5."
"1535","2016-05-18","-22.08","5108","Storno,da lt. Abrg. v. 01/2016 doppelt gutgeschrieben, danke für die Info"
"1536","2016-05-20","636.58","7006","PassivmeldungFluggeldrückzahlung"
"1537","2016-05-20","-1273.16","7006","fehlbuchung"
"1538","2016-05-23","300.00","5406","fgv 20.05.2016"
"1539","2016-05-23","350.00","6910","fgv 19.5.2016"
"1540","2016-05-23","24.03","6411","Tkn Schönhagen"
"1541","2016-05-28","60.00","5007","Rückbuchung Segelflugbeitrag"
"1542","2016-05-30","15.80","6610","Friebe"
"1543","2016-05-30","145.18","6610","aero-service-worms"
"1544","2016-05-30","91.40","6610","amazon"
"1545","2016-05-30","79.80","6610","aeroakku"
"1546","2016-05-30","8.97","6610","amazon "
"1547","2016-05-31","705.00","6610","fgv 31.5."
"1548","2016-05-31","100.00","6809","fgv 31.5."
"1549","2016-05-31","500.00","5406","fgv 30.5."
"1550","2016-06-17","15.00","9403","Gutschrift Gastflug v. 16.5."
"1551","2016-06-17","400.00","9603","fgv 16.6."
"1552","2016-06-17","150.00","6411","fgv 15.6."
"1553","2016-06-17","200.00","7305","fgv 14.6."
"1554","2016-06-17","300.00","9502","fgv 14.6."
"1555","2016-06-17","650.00","8103","fgv 13.6."
"1556","2016-06-17","100.00","7003","fgv 6.6."
"1557","2016-06-17","300.00","10201","fgv 1.6."
"1558","2016-06-17","150.00","8903","fgv 1.6."
"1559","2016-06-20","78.50","7801","Gutschrift Flug v.5.5."
"1560","2016-06-20","-78.50","5302","Belastung Flug v. 5.5. mit Schmerer"
"1561","2016-06-20","7.90","5302","Gutschrift Wobst"
"1562","2016-06-20","125.68","5302","Gutschrift First Stop"
"1563","2016-06-20","60.00","6810","Erstattung WilhelmshÃ¶he"
"1564","2016-06-22","-574.60","6701","auflÃ¶sung fluggeldkonto"
"1565","2016-06-23","600.00","4906","fgv 20.6."
"1566","2016-06-23","300.00","4002","fgv 20.6."
"1567","2016-06-23","300.00","9402","fgv 17.6."
"1568","2016-06-24","49.90","7206","landrover 24"
"1569","2016-06-25","34.99","5302","Gas Total"
